Parameter,A,A,A,B,B,B,C,C,C,D,D,D,E,E,E,Column length,Column angle,I-shaft length,Pinion length,Mounting angle,Offset angle,UJ1 angle,UJ2 angle,diff in UJ angles,Modulation (%)
 ,x,y,z,x,y,z,x,y,z,x,y,z,x,y,z, , , , , , , , , , 
0,2600.0,300.0,1575.0,2168.34,300.0,1249.72,1922.76,237.93,903.69,1866.94,175.0,758.27,1852.0,175.0,764.0,490.5,37.0,428.83,168.0,69.0,22.0,19.44,19.44,4e-05,5e-05
1,2600.0,300.0,1575.0,2178.17,300.0,1239.46,1924.04,229.08,899.59,1866.83,175.0,758.01,1852.0,175.0,764.0,489.0,38.5,430.26,162.0,68.0,19.5,17.45,17.45,5e-05,6e-05
2,2600.0,300.0,1575.0,2175.26,300.0,1243.16,1937.01,243.17,915.59,1866.62,175.0,757.49,1852.0,175.0,764.0,489.0,38.0,409.02,186.0,66.0,21.5,17.81,17.81,0.00011,0.00012
3,2600.0,300.0,1575.0,2168.34,300.0,1249.72,1948.44,238.07,970.58,1866.94,175.0,758.27,1852.0,175.0,764.0,490.5,37.0,360.71,236.0,69.0,15.5,17.71,17.71,0.00021,0.00023
4,2600.0,300.0,1575.0,2178.17,300.0,1239.46,2000.85,234.02,859.99,1861.85,175.0,751.39,1852.0,175.0,764.0,489.0,38.5,424.03,186.0,38.0,18.5,27.82,27.82,0.00017,0.00031
5,2600.0,300.0,1575.0,2168.34,300.0,1249.72,1937.63,241.0,942.42,1866.94,175.0,758.27,1852.0,175.0,764.0,490.5,37.0,388.77,208.0,69.0,18.5,18.26,18.26,0.00031,0.00036
6,2600.0,300.0,1575.0,2171.99,300.0,1246.57,1925.53,234.51,910.91,1866.94,175.0,758.27,1852.0,175.0,764.0,489.5,37.5,421.54,174.0,69.0,20.0,18.45,18.46,0.00037,0.00043
7,2600.0,300.0,1575.0,2174.87,300.0,1242.85,1926.14,236.44,897.72,1866.73,175.0,757.75,1852.0,175.0,764.0,489.5,38.0,430.14,164.0,67.0,22.0,18.26,18.26,0.00042,0.00048
8,2600.0,300.0,1575.0,2175.26,300.0,1243.16,1944.62,234.54,950.52,1866.83,175.0,758.01,1852.0,175.0,764.0,489.0,38.0,378.31,216.0,68.0,16.0,16.93,16.93,0.00046,0.00049
9,2600.0,300.0,1575.0,2174.47,300.0,1242.54,1939.66,241.09,929.55,1866.73,175.0,757.75,1852.0,175.0,764.0,490.0,38.0,395.69,198.0,67.0,19.5,17.33,17.33,0.00051,0.00055
10,2600.0,300.0,1575.0,2177.39,300.0,1238.84,1945.2,236.4,942.61,1866.73,175.0,757.75,1852.0,175.0,764.0,490.0,38.5,381.73,210.0,67.0,17.0,16.44,16.44,0.00054,0.00055
11,2600.0,300.0,1575.0,2178.17,300.0,1239.46,1922.0,216.56,909.55,1867.04,175.0,758.53,1852.0,175.0,764.0,489.0,38.5,425.95,166.0,70.0,14.5,17.67,17.67,0.00051,0.00057
12,2600.0,300.0,1575.0,2169.14,300.0,1250.32,1922.96,234.51,912.17,1867.04,175.0,758.53,1852.0,175.0,764.0,489.5,37.0,423.36,174.0,70.0,20.0,19.08,19.08,0.00048,0.00058
13,2600.0,300.0,1575.0,2171.99,300.0,1246.57,1920.2,223.28,912.91,1867.13,175.0,758.79,1852.0,175.0,764.0,489.5,37.5,424.99,170.0,71.0,16.5,18.56,18.56,0.00052,0.00061
14,2600.0,300.0,1575.0,2168.34,300.0,1249.72,1935.38,245.24,927.66,1866.83,175.0,758.01,1852.0,175.0,764.0,490.5,37.0,401.23,196.0,68.0,21.0,18.78,18.78,0.00053,0.00062
15,2600.0,300.0,1575.0,2174.08,300.0,1242.23,1934.5,242.43,909.96,1866.62,175.0,757.49,1852.0,175.0,764.0,490.5,38.0,413.67,180.0,66.0,22.0,18.03,18.03,0.00057,0.00065
16,2600.0,300.0,1575.0,2171.19,300.0,1245.96,1926.4,229.73,921.64,1867.04,175.0,758.53,1852.0,175.0,764.0,490.5,37.5,412.37,182.0,70.0,17.5,18.24,18.24,0.00063,0.00073
17,2600.0,300.0,1575.0,2171.99,300.0,1246.57,1946.22,230.16,964.8,1866.94,175.0,758.27,1852.0,175.0,764.0,489.5,37.5,367.76,228.0,69.0,14.0,17.55,17.55,0.00067,0.00074
18,2600.0,300.0,1575.0,2174.08,300.0,1242.23,1931.37,229.97,926.11,1866.94,175.0,758.27,1852.0,175.0,764.0,490.5,38.0,404.66,188.0,69.0,17.0,17.52,17.52,0.00074,0.00082
19,2600.0,300.0,1575.0,2177.0,300.0,1238.53,1996.44,237.93,860.38,1862.07,175.0,751.57,1852.0,175.0,764.0,490.5,38.5,423.62,184.0,39.0,20.0,27.22,27.22,0.00048,0.00086
20,2600.0,300.0,1575.0,2177.78,300.0,1239.15,1942.53,241.09,928.0,1866.62,175.0,757.49,1852.0,175.0,764.0,489.5,38.5,394.5,198.0,66.0,19.5,16.73,16.73,0.00084,0.00088
21,2600.0,300.0,1575.0,2175.26,300.0,1243.16,1960.55,258.91,941.79,1866.26,175.0,756.74,1852.0,175.0,764.0,489.0,38.0,372.31,224.0,63.0,22.0,17.67,17.67,0.00093,0.00104
22,2600.0,300.0,1575.0,2175.26,300.0,1243.16,1938.41,226.58,944.46,1866.94,175.0,758.27,1852.0,175.0,764.0,489.0,38.0,388.22,206.0,69.0,14.5,17.36,17.36,0.00105,0.00115
23,2600.0,300.0,1575.0,2168.74,300.0,1250.02,1939.05,231.42,956.4,1867.04,175.0,758.53,1852.0,175.0,764.0,490.0,37.0,379.04,218.0,70.0,15.0,18.17,18.17,0.001,0.00115
24,2600.0,300.0,1575.0,2174.08,300.0,1242.23,1937.22,240.67,923.83,1866.73,175.0,757.75,1852.0,175.0,764.0,490.5,38.0,401.25,192.0,67.0,20.0,17.5,17.5,0.00106,0.00117
25,2600.0,300.0,1575.0,2174.08,300.0,1242.23,2000.17,222.57,851.88,1861.4,175.0,751.06,1852.0,175.0,764.0,490.5,38.0,434.3,178.0,36.0,15.5,29.67,29.67,0.0006,0.00118
26,2600.0,300.0,1575.0,2178.17,300.0,1239.46,1953.51,242.36,952.66,1866.62,175.0,757.49,1852.0,175.0,764.0,489.0,38.5,368.86,224.0,66.0,17.5,16.11,16.11,0.00124,0.00126
27,2600.0,300.0,1575.0,2177.39,300.0,1238.84,1983.45,237.31,853.41,1862.28,175.0,751.74,1852.0,175.0,764.0,490.0,38.5,436.0,170.0,40.0,21.5,26.05,26.05,0.00074,0.00127
28,2600.0,300.0,1575.0,2168.34,300.0,1249.72,1984.71,231.09,843.97,1861.63,175.0,751.22,1852.0,175.0,764.0,490.5,37.0,450.67,164.0,37.0,20.0,29.86,29.86,0.00063,0.00127
29,2600.0,300.0,1575.0,2174.47,300.0,1242.54,1934.46,229.02,934.16,1866.94,175.0,758.27,1852.0,175.0,764.0,490.0,38.0,397.17,196.0,69.0,16.0,17.4,17.4,0.00119,0.0013
30,2600.0,300.0,1575.0,2171.19,300.0,1245.96,1934.58,226.08,944.12,1867.04,175.0,758.53,1852.0,175.0,764.0,490.5,37.5,390.59,204.0,70.0,14.5,18.0,18.0,0.00116,0.00131
31,2600.0,300.0,1575.0,2177.0,300.0,1238.53,1991.42,216.56,845.52,1861.4,175.0,751.06,1852.0,175.0,764.0,490.5,38.5,442.56,166.0,36.0,14.5,28.24,28.24,0.0007,0.00131
32,2600.0,300.0,1575.0,2171.59,300.0,1246.27,1956.46,256.71,950.15,1866.5,175.0,757.24,1852.0,175.0,764.0,490.0,37.5,368.57,228.0,65.0,21.0,17.79,17.79,0.00123,0.00138
33,2600.0,300.0,1575.0,2171.59,300.0,1246.27,1927.74,235.09,916.67,1866.94,175.0,758.27,1852.0,175.0,764.0,490.0,37.5,415.1,180.0,69.0,19.5,18.3,18.3,0.00123,0.00143
34,2600.0,300.0,1575.0,2172.38,300.0,1246.88,1940.73,241.0,940.89,1866.83,175.0,758.01,1852.0,175.0,764.0,489.0,37.5,388.29,208.0,68.0,18.5,17.63,17.63,0.00131,0.00145
35,2600.0,300.0,1575.0,2172.38,300.0,1246.88,1919.26,229.08,902.03,1867.04,175.0,758.53,1852.0,175.0,764.0,489.0,37.5,433.61,162.0,70.0,19.5,18.69,18.69,0.00132,0.00156
36,2600.0,300.0,1575.0,2175.26,300.0,1243.16,2000.56,246.1,867.77,1862.28,175.0,751.74,1852.0,175.0,764.0,489.0,38.0,417.55,194.0,40.0,21.5,27.97,27.97,0.00093,0.00172
37,2600.0,300.0,1575.0,2169.54,300.0,1250.62,1932.36,243.9,920.19,1866.83,175.0,758.01,1852.0,175.0,764.0,489.0,37.0,410.59,188.0,68.0,21.5,18.98,18.98,0.00144,0.00173
38,2600.0,300.0,1575.0,2177.0,300.0,1238.53,1934.9,230.55,926.47,1866.83,175.0,758.01,1852.0,175.0,764.0,490.5,38.5,401.02,190.0,68.0,17.0,16.89,16.89,0.00164,0.00174
39,2600.0,300.0,1575.0,2175.26,300.0,1243.16,1985.83,219.1,841.46,1861.4,175.0,751.06,1852.0,175.0,764.0,489.0,38.0,451.43,160.0,36.0,16.0,28.54,28.54,0.00093,0.00177
40,2600.0,300.0,1575.0,2171.99,300.0,1246.57,1989.83,223.53,844.36,1861.4,175.0,751.06,1852.0,175.0,764.0,489.5,37.5,448.11,166.0,36.0,17.0,29.67,29.67,0.00097,0.00192
41,2600.0,300.0,1575.0,2171.19,300.0,1245.96,1956.33,253.11,959.0,1866.62,175.0,757.49,1852.0,175.0,764.0,490.5,37.5,361.54,234.0,66.0,19.5,17.32,17.32,0.00177,0.00193
42,2600.0,300.0,1575.0,2177.78,300.0,1239.15,1962.04,255.99,944.73,1866.26,175.0,756.74,1852.0,175.0,764.0,489.5,38.5,367.65,226.0,63.0,21.0,16.71,16.71,0.00187,0.00196
43,2600.0,300.0,1575.0,2177.0,300.0,1238.53,1963.9,253.78,956.93,1866.38,175.0,756.99,1852.0,175.0,764.0,490.5,38.5,356.15,236.0,64.0,19.5,16.17,16.17,0.00199,0.00201
44,2600.0,300.0,1575.0,2174.08,300.0,1242.23,1950.25,232.59,964.47,1866.83,175.0,758.01,1852.0,175.0,764.0,490.5,38.0,363.04,230.0,68.0,14.5,16.88,16.88,0.00196,0.00208
45,2600.0,300.0,1575.0,2169.54,300.0,1250.62,1944.59,239.19,960.57,1866.94,175.0,758.27,1852.0,175.0,764.0,489.0,37.0,372.06,226.0,69.0,16.5,17.82,17.82,0.00186,0.00208
46,2600.0,300.0,1575.0,2168.34,300.0,1249.72,1918.84,229.7,908.98,1867.13,175.0,758.79,1852.0,175.0,764.0,490.5,37.0,428.12,168.0,71.0,19.0,19.2,19.2,0.00172,0.00209
47,2600.0,300.0,1575.0,2178.17,300.0,1239.46,1939.75,228.98,938.49,1866.83,175.0,758.01,1852.0,175.0,764.0,489.0,38.5,390.48,202.0,68.0,15.5,16.73,16.73,0.002,0.0021
48,2600.0,300.0,1575.0,2174.08,300.0,1242.23,2016.89,247.51,876.94,1862.07,175.0,751.57,1852.0,175.0,764.0,490.5,38.0,401.13,212.0,39.0,20.0,29.6,29.6,0.00106,0.0021
49,2600.0,300.0,1575.0,2177.39,300.0,1238.84,1987.02,229.7,849.19,1861.85,175.0,751.39,1852.0,175.0,764.0,490.0,38.5,439.33,168.0,38.0,19.0,26.97,26.97,0.00125,0.00222
50,2600.0,300.0,1575.0,2175.26,300.0,1243.16,1946.12,246.14,936.05,1866.62,175.0,757.49,1852.0,175.0,764.0,489.0,38.0,386.94,208.0,66.0,20.0,17.2,17.2,0.00213,0.0023
51,2600.0,300.0,1575.0,2174.47,300.0,1242.54,1992.27,228.15,849.67,1861.63,175.0,751.22,1852.0,175.0,764.0,490.0,38.0,438.99,172.0,37.0,18.0,28.59,28.59,0.00122,0.00232
52,2600.0,300.0,1575.0,2171.59,300.0,1246.27,1945.43,241.16,952.55,1866.83,175.0,758.01,1852.0,175.0,764.0,490.0,37.5,375.34,220.0,68.0,17.5,17.37,17.37,0.00224,0.00245
53,2600.0,300.0,1575.0,2177.0,300.0,1238.53,1943.04,244.52,921.38,1866.5,175.0,757.24,1852.0,175.0,764.0,490.5,38.5,397.99,194.0,65.0,21.0,17.04,17.03,0.0023,0.00247
54,2600.0,300.0,1575.0,2177.39,300.0,1238.84,1930.95,237.31,901.99,1866.62,175.0,757.49,1852.0,175.0,764.0,490.0,38.5,422.06,170.0,66.0,21.5,17.48,17.49,0.00227,0.0025
55,2600.0,300.0,1575.0,2177.39,300.0,1238.84,2023.14,256.71,891.57,1862.5,175.0,751.92,1852.0,175.0,764.0,490.0,38.5,382.45,228.0,41.0,21.0,28.25,28.25,0.0014,0.00262
56,2600.0,300.0,1575.0,2177.0,300.0,1238.53,1940.0,240.67,922.31,1866.62,175.0,757.49,1852.0,175.0,764.0,490.5,38.5,399.6,192.0,66.0,20.0,16.91,16.91,0.00248,0.00263
57,2600.0,300.0,1575.0,2174.08,300.0,1242.23,2010.84,254.42,880.88,1862.5,175.0,751.92,1852.0,175.0,764.0,490.5,38.0,399.12,212.0,41.0,22.0,28.4,28.39,0.0014,0.00265
58,2600.0,300.0,1575.0,2172.38,300.0,1246.88,1922.34,222.03,919.15,1867.13,175.0,758.79,1852.0,175.0,764.0,489.0,37.5,419.53,176.0,71.0,15.5,18.49,18.49,0.00233,0.00272
59,2600.0,300.0,1575.0,2177.0,300.0,1238.53,2011.51,243.1,872.58,1862.07,175.0,751.57,1852.0,175.0,764.0,490.5,38.5,405.64,204.0,39.0,19.5,28.25,28.25,0.00147,0.00276
60,2600.0,300.0,1575.0,2171.59,300.0,1246.27,1951.21,247.35,956.78,1866.73,175.0,757.75,1852.0,175.0,764.0,490.0,37.5,367.62,228.0,67.0,18.5,17.26,17.26,0.0026,0.00282
61,2600.0,300.0,1575.0,2175.26,300.0,1243.16,1921.66,229.08,900.83,1866.94,175.0,758.27,1852.0,175.0,764.0,489.0,38.0,431.89,162.0,69.0,19.5,18.07,18.06,0.00249,0.00284
62,2600.0,300.0,1575.0,2168.74,300.0,1250.02,1924.42,228.8,925.16,1867.13,175.0,758.79,1852.0,175.0,764.0,490.0,37.0,412.67,184.0,71.0,17.0,18.81,18.81,0.00241,0.00287
63,2600.0,300.0,1575.0,2171.99,300.0,1246.57,1931.51,235.29,926.48,1866.94,175.0,758.27,1852.0,175.0,764.0,489.5,37.5,405.56,190.0,69.0,18.5,18.03,18.03,0.00259,0.00294
64,2600.0,300.0,1575.0,2178.17,300.0,1239.46,2016.24,238.66,872.01,1861.85,175.0,751.39,1852.0,175.0,764.0,489.0,38.5,406.21,206.0,38.0,18.0,28.94,28.94,0.00159,0.00306
65,2600.0,300.0,1575.0,2172.38,300.0,1246.88,1931.63,227.38,936.01,1867.04,175.0,758.53,1852.0,175.0,764.0,489.0,37.5,399.84,196.0,70.0,15.5,18.01,18.01,0.0028,0.00318
66,2600.0,300.0,1575.0,2171.59,300.0,1246.27,1923.73,221.59,923.19,1867.13,175.0,758.79,1852.0,175.0,764.0,490.0,37.5,414.69,180.0,71.0,15.0,18.47,18.48,0.00274,0.0032
67,2600.0,300.0,1575.0,2177.78,300.0,1239.15,2002.7,218.55,853.71,1861.4,175.0,751.06,1852.0,175.0,764.0,489.5,38.5,431.1,180.0,36.0,14.0,29.03,29.02,0.00166,0.00322
68,2600.0,300.0,1575.0,2175.26,300.0,1243.16,1929.14,229.73,920.31,1866.94,175.0,758.27,1852.0,175.0,764.0,489.0,38.0,412.0,182.0,69.0,17.5,17.6,17.6,0.00298,0.0033
69,2600.0,300.0,1575.0,2177.78,300.0,1239.15,1932.57,230.33,920.71,1866.83,175.0,758.01,1852.0,175.0,764.0,489.5,38.5,407.91,184.0,68.0,17.5,16.97,16.97,0.00312,0.00333
70,2600.0,300.0,1575.0,2177.39,300.0,1238.84,1952.32,250.26,933.2,1866.38,175.0,756.99,1852.0,175.0,764.0,490.0,38.5,382.82,210.0,64.0,21.0,16.84,16.84,0.00318,0.00336
71,2600.0,300.0,1575.0,2174.08,300.0,1242.23,1941.35,235.81,942.43,1866.83,175.0,758.01,1852.0,175.0,764.0,490.5,38.0,384.92,208.0,68.0,17.0,17.07,17.07,0.00334,0.00357
72,2600.0,300.0,1575.0,2169.54,300.0,1250.62,1919.03,221.5,918.52,1867.22,175.0,759.06,1852.0,175.0,764.0,489.0,37.0,423.33,174.0,72.0,15.5,19.14,19.14,0.00296,0.00358
73,2600.0,300.0,1575.0,2177.78,300.0,1239.15,1955.89,251.35,940.51,1866.38,175.0,756.99,1852.0,175.0,764.0,489.5,38.5,375.22,218.0,64.0,20.5,16.61,16.61,0.00345,0.00359
74,2600.0,300.0,1575.0,2177.78,300.0,1239.15,1942.75,236.34,936.84,1866.73,175.0,757.75,1852.0,175.0,764.0,489.5,38.5,388.18,204.0,67.0,17.5,16.53,16.54,0.0035,0.00363
75,2600.0,300.0,1575.0,2169.54,300.0,1250.62,1916.99,222.71,912.25,1867.22,175.0,759.06,1852.0,175.0,764.0,489.0,37.0,429.24,168.0,72.0,16.5,19.21,19.21,0.00309,0.00376
76,2600.0,300.0,1575.0,2174.87,300.0,1242.85,1944.54,241.63,941.06,1866.73,175.0,757.75,1852.0,175.0,764.0,489.5,38.0,384.1,210.0,67.0,18.5,17.01,17.01,0.00353,0.00377
77,2600.0,300.0,1575.0,2169.14,300.0,1250.32,1921.79,219.03,927.01,1867.22,175.0,759.06,1852.0,175.0,764.0,489.5,37.0,415.05,182.0,72.0,14.0,19.14,19.14,0.00315,0.00382
78,2600.0,300.0,1575.0,2177.0,300.0,1238.53,1933.7,221.45,932.19,1866.94,175.0,758.27,1852.0,175.0,764.0,490.5,38.5,399.01,192.0,69.0,14.0,17.23,17.23,0.00354,0.00384
79,2600.0,300.0,1575.0,2172.38,300.0,1246.88,2004.34,249.92,870.94,1862.28,175.0,751.74,1852.0,175.0,764.0,489.0,37.5,414.82,200.0,40.0,22.0,29.18,29.18,0.00201,0.00393
80,2600.0,300.0,1575.0,2177.78,300.0,1239.15,2027.85,253.66,890.67,1862.28,175.0,751.74,1852.0,175.0,764.0,489.5,38.5,382.19,230.0,40.0,20.0,29.0,29.0,0.00205,0.00396
81,2600.0,300.0,1575.0,2171.19,300.0,1245.96,1930.82,228.47,933.77,1867.04,175.0,758.53,1852.0,175.0,764.0,490.5,37.5,400.46,194.0,70.0,16.0,18.05,18.05,0.0035,0.00398
82,2600.0,300.0,1575.0,2168.34,300.0,1249.72,1980.63,234.37,844.19,1861.85,175.0,751.39,1852.0,175.0,764.0,490.5,37.0,451.66,162.0,38.0,21.5,29.28,29.28,0.00205,0.00401
83,2600.0,300.0,1575.0,2168.34,300.0,1249.72,1927.16,239.51,915.15,1866.94,175.0,758.27,1852.0,175.0,764.0,490.5,37.0,416.85,180.0,69.0,21.0,19.07,19.07,0.00335,0.00405
84,2600.0,300.0,1575.0,2177.78,300.0,1239.15,2026.67,247.93,884.85,1862.07,175.0,751.57,1852.0,175.0,764.0,489.5,38.5,388.69,224.0,39.0,19.0,29.34,29.34,0.00206,0.00405
85,2600.0,300.0,1575.0,2172.38,300.0,1246.88,1951.1,239.5,966.56,1866.83,175.0,758.01,1852.0,175.0,764.0,489.0,37.5,362.22,234.0,68.0,16.0,17.1,17.11,0.00382,0.0041
86,2600.0,300.0,1575.0,2175.26,300.0,1243.16,2006.35,232.13,860.27,1861.63,175.0,751.22,1852.0,175.0,764.0,489.0,38.0,423.96,190.0,37.0,17.5,29.54,29.55,0.00211,0.00417
87,2600.0,300.0,1575.0,2177.78,300.0,1239.15,1981.45,232.43,848.24,1862.07,175.0,751.57,1852.0,175.0,764.0,489.5,38.5,442.64,164.0,39.0,20.5,26.25,26.24,0.00243,0.00419
88,2600.0,300.0,1575.0,2168.34,300.0,1249.72,1929.39,226.25,939.62,1867.13,175.0,758.79,1852.0,175.0,764.0,490.5,37.0,398.36,198.0,71.0,15.0,18.65,18.65,0.00361,0.00425
89,2600.0,300.0,1575.0,2169.54,300.0,1250.62,1934.59,233.51,944.13,1867.04,175.0,758.53,1852.0,175.0,764.0,489.0,37.0,391.86,206.0,70.0,16.5,18.28,18.28,0.00387,0.00446
90,2600.0,300.0,1575.0,2172.38,300.0,1246.88,1929.09,238.79,912.08,1866.83,175.0,758.01,1852.0,175.0,764.0,489.0,37.5,418.36,178.0,68.0,21.0,18.46,18.47,0.00385,0.00449
91,2600.0,300.0,1575.0,2178.17,300.0,1239.46,1959.48,252.3,947.86,1866.38,175.0,756.99,1852.0,175.0,764.0,489.0,38.5,367.61,226.0,64.0,20.0,16.38,16.38,0.00439,0.00451
92,2600.0,300.0,1575.0,2169.54,300.0,1250.62,1916.85,229.08,903.18,1867.13,175.0,758.79,1852.0,175.0,764.0,489.0,37.0,435.43,162.0,71.0,19.5,19.32,19.33,0.00374,0.00458
93,2600.0,300.0,1575.0,2177.78,300.0,1239.15,1933.03,235.09,913.94,1866.73,175.0,757.75,1852.0,175.0,764.0,489.5,38.5,412.17,180.0,67.0,19.5,17.08,17.07,0.00447,0.00479
94,2600.0,300.0,1575.0,2174.08,300.0,1242.23,2001.83,242.24,864.74,1862.07,175.0,751.57,1852.0,175.0,764.0,490.5,38.0,418.93,192.0,39.0,20.5,28.51,28.51,0.00253,0.00479
95,2600.0,300.0,1575.0,2178.17,300.0,1239.46,1996.74,242.37,864.56,1862.28,175.0,751.74,1852.0,175.0,764.0,489.0,38.5,420.47,188.0,40.0,21.0,26.78,26.77,0.00273,0.00481
96,2600.0,300.0,1575.0,2171.19,300.0,1245.96,1949.57,254.42,935.38,1866.5,175.0,757.24,1852.0,175.0,764.0,490.5,37.5,384.26,212.0,65.0,22.0,18.27,18.26,0.00422,0.00486
97,2600.0,300.0,1575.0,2178.17,300.0,1239.46,2002.7,218.55,853.71,1861.4,175.0,751.06,1852.0,175.0,764.0,489.0,38.5,431.54,180.0,36.0,14.0,28.99,29.0,0.00253,0.0049
98,2600.0,300.0,1575.0,2171.99,300.0,1246.57,1988.49,229.7,846.82,1861.63,175.0,751.22,1852.0,175.0,764.0,489.5,37.5,445.44,168.0,37.0,19.0,29.17,29.18,0.00258,0.00503
99,2600.0,300.0,1575.0,2177.78,300.0,1239.15,2008.65,229.53,862.01,1861.63,175.0,751.22,1852.0,175.0,764.0,489.5,38.5,419.29,192.0,37.0,16.5,28.88,28.88,0.00263,0.00507
100,2600.0,300.0,1575.0,2177.78,300.0,1239.15,1932.16,222.07,928.19,1866.94,175.0,758.27,1852.0,175.0,764.0,489.5,38.5,403.86,188.0,69.0,14.5,17.2,17.2,0.00469,0.00507
101,2600.0,300.0,1575.0,2169.14,300.0,1250.32,1937.57,232.19,952.31,1867.04,175.0,758.53,1852.0,175.0,764.0,489.5,37.0,383.45,214.0,70.0,15.5,18.19,18.19,0.00443,0.00508
102,2600.0,300.0,1575.0,2177.78,300.0,1239.15,1994.52,225.87,851.36,1861.63,175.0,751.22,1852.0,175.0,764.0,489.5,38.5,435.27,174.0,37.0,17.0,27.86,27.86,0.00281,0.00518
103,2600.0,300.0,1575.0,2169.14,300.0,1250.32,1931.62,234.54,935.98,1867.04,175.0,758.53,1852.0,175.0,764.0,489.5,37.0,399.39,198.0,70.0,17.5,18.45,18.44,0.00458,0.00534
104,2600.0,300.0,1575.0,2178.17,300.0,1239.46,2007.15,250.5,877.67,1862.5,175.0,751.92,1852.0,175.0,764.0,489.0,38.5,403.23,206.0,41.0,21.5,27.07,27.06,0.003,0.00535
105,2600.0,300.0,1575.0,2174.47,300.0,1242.54,1980.33,229.72,843.96,1861.85,175.0,751.39,1852.0,175.0,764.0,490.0,38.0,448.89,160.0,38.0,20.0,27.44,27.44,0.00295,0.00535
106,2600.0,300.0,1575.0,2177.78,300.0,1239.15,1936.72,239.44,914.94,1866.62,175.0,757.49,1852.0,175.0,764.0,489.5,38.5,408.53,184.0,66.0,20.5,17.09,17.1,0.005,0.00537
107,2600.0,300.0,1575.0,2174.87,300.0,1242.85,1959.72,253.11,957.15,1866.5,175.0,757.24,1852.0,175.0,764.0,489.5,38.0,360.71,234.0,65.0,19.5,16.73,16.73,0.0052,0.00546
108,2600.0,300.0,1575.0,2177.0,300.0,1238.53,1994.05,245.43,866.28,1862.5,175.0,751.92,1852.0,175.0,764.0,490.5,38.5,418.35,188.0,41.0,22.0,26.34,26.35,0.00319,0.00552
109,2600.0,300.0,1575.0,2178.17,300.0,1239.46,1941.37,228.32,942.5,1866.83,175.0,758.01,1852.0,175.0,764.0,489.0,38.5,386.53,206.0,68.0,15.0,16.72,16.71,0.00527,0.00552
110,2600.0,300.0,1575.0,2174.47,300.0,1242.54,1932.72,235.56,921.07,1866.83,175.0,758.01,1852.0,175.0,764.0,490.0,38.0,407.37,186.0,68.0,19.0,17.54,17.53,0.00504,0.00556
111,2600.0,300.0,1575.0,2171.19,300.0,1245.96,1939.1,234.64,946.24,1866.94,175.0,758.27,1852.0,175.0,764.0,490.5,37.5,384.67,210.0,69.0,16.5,17.64,17.63,0.00503,0.00558
112,2600.0,300.0,1575.0,2172.38,300.0,1246.88,1918.81,223.53,908.89,1867.13,175.0,758.79,1852.0,175.0,764.0,489.0,37.5,429.4,166.0,71.0,17.0,18.62,18.62,0.00475,0.00559
113,2600.0,300.0,1575.0,2174.87,300.0,1242.85,1949.46,241.76,952.64,1866.73,175.0,757.75,1852.0,175.0,764.0,489.5,38.0,372.05,222.0,67.0,17.5,16.73,16.74,0.00535,0.00561
114,2600.0,300.0,1575.0,2177.0,300.0,1238.53,2014.29,257.41,888.6,1862.71,175.0,752.11,1852.0,175.0,764.0,490.5,38.5,388.25,220.0,42.0,22.0,27.25,27.25,0.00317,0.00569
115,2600.0,300.0,1575.0,2174.47,300.0,1242.54,1986.86,236.64,852.62,1862.07,175.0,751.57,1852.0,175.0,764.0,490.0,38.0,437.33,172.0,39.0,21.0,27.5,27.5,0.0032,0.00582
116,2600.0,300.0,1575.0,2174.47,300.0,1242.54,1919.08,224.44,901.52,1867.04,175.0,758.53,1852.0,175.0,764.0,490.0,38.0,432.7,160.0,70.0,18.0,18.14,18.14,0.00526,0.00601
117,2600.0,300.0,1575.0,2169.54,300.0,1250.62,1912.59,215.06,907.46,1867.3,175.0,759.32,1852.0,175.0,764.0,489.0,37.0,437.03,160.0,73.0,14.5,19.59,19.6,0.00488,0.00606
118,2600.0,300.0,1575.0,2174.08,300.0,1242.23,1937.55,227.8,942.23,1866.94,175.0,758.27,1852.0,175.0,764.0,490.5,38.0,388.8,204.0,69.0,15.0,17.36,17.35,0.00558,0.00608
119,2600.0,300.0,1575.0,2171.19,300.0,1245.96,1933.74,235.57,932.29,1866.94,175.0,758.27,1852.0,175.0,764.0,490.5,37.5,398.65,196.0,69.0,18.0,17.91,17.9,0.00541,0.0061
120,2600.0,300.0,1575.0,2177.78,300.0,1239.15,1949.36,235.64,952.41,1866.73,175.0,757.75,1852.0,175.0,764.0,489.5,38.5,372.21,220.0,67.0,16.0,16.29,16.3,0.00603,0.00616
121,2600.0,300.0,1575.0,2174.87,300.0,1242.85,1927.16,222.11,923.72,1867.04,175.0,758.53,1852.0,175.0,764.0,489.5,38.0,411.42,182.0,70.0,15.0,17.83,17.83,0.00553,0.00621
122,2600.0,300.0,1575.0,2178.17,300.0,1239.46,2008.65,229.53,862.01,1861.63,175.0,751.22,1852.0,175.0,764.0,489.0,38.5,419.73,192.0,37.0,16.5,28.85,28.85,0.00324,0.00623
123,2600.0,300.0,1575.0,2168.34,300.0,1249.72,1949.71,252.3,953.24,1866.73,175.0,757.75,1852.0,175.0,764.0,490.5,37.0,371.45,226.0,67.0,20.0,18.12,18.11,0.00548,0.00625
124,2600.0,300.0,1575.0,2177.39,300.0,1238.84,1994.52,225.87,851.36,1861.63,175.0,751.22,1852.0,175.0,764.0,490.0,38.5,434.83,174.0,37.0,17.0,27.89,27.89,0.00339,0.00627
125,2600.0,300.0,1575.0,2175.26,300.0,1243.16,2015.33,251.69,880.16,1862.28,175.0,751.74,1852.0,175.0,764.0,489.0,38.0,399.6,214.0,40.0,21.0,29.0,28.99,0.00325,0.0063
126,2600.0,300.0,1575.0,2172.38,300.0,1246.88,1937.5,244.52,924.47,1866.73,175.0,757.75,1852.0,175.0,764.0,489.0,37.5,402.74,194.0,67.0,21.0,18.19,18.18,0.00553,0.00634
127,2600.0,300.0,1575.0,2174.87,300.0,1242.85,1965.1,260.76,950.72,1866.26,175.0,756.74,1852.0,175.0,764.0,489.5,38.0,361.78,234.0,63.0,21.5,17.44,17.43,0.00588,0.00645
128,2600.0,300.0,1575.0,2171.59,300.0,1246.27,1987.33,234.54,849.43,1861.85,175.0,751.39,1852.0,175.0,764.0,490.0,37.5,442.4,170.0,38.0,20.5,28.78,28.77,0.00339,0.0065
129,2600.0,300.0,1575.0,2174.08,300.0,1242.23,1959.69,256.71,948.3,1866.38,175.0,756.99,1852.0,175.0,764.0,490.5,38.0,366.38,228.0,64.0,21.0,17.25,17.25,0.00602,0.00653
130,2600.0,300.0,1575.0,2177.39,300.0,1238.84,1948.39,242.27,941.16,1866.62,175.0,757.49,1852.0,175.0,764.0,490.0,38.5,379.99,212.0,66.0,18.5,16.4,16.39,0.00646,0.00664
131,2600.0,300.0,1575.0,2174.87,300.0,1242.85,1994.07,234.42,854.69,1861.85,175.0,751.39,1852.0,175.0,764.0,489.5,38.0,433.19,178.0,38.0,19.5,28.29,28.29,0.00358,0.00673
132,2600.0,300.0,1575.0,2171.19,300.0,1245.96,1947.12,250.97,938.3,1866.62,175.0,757.49,1852.0,175.0,764.0,490.5,37.5,383.76,212.0,66.0,21.0,17.96,17.96,0.00595,0.00673
133,2600.0,300.0,1575.0,2174.87,300.0,1242.85,2025.41,260.03,893.54,1862.5,175.0,751.92,1852.0,175.0,764.0,489.5,38.0,382.04,232.0,41.0,21.5,29.4,29.4,0.00345,0.00679
134,2600.0,300.0,1575.0,2174.47,300.0,1242.54,1955.33,247.98,956.75,1866.62,175.0,757.49,1852.0,175.0,764.0,490.0,38.0,363.88,230.0,66.0,18.5,16.64,16.65,0.00656,0.00685
135,2600.0,300.0,1575.0,2168.74,300.0,1250.02,1921.62,229.39,917.06,1867.13,175.0,758.79,1852.0,175.0,764.0,490.0,37.0,420.61,176.0,71.0,18.0,18.98,18.98,0.00578,0.00694
136,2600.0,300.0,1575.0,2174.08,300.0,1242.23,1954.39,241.46,964.28,1866.73,175.0,757.75,1852.0,175.0,764.0,490.5,38.0,359.1,234.0,67.0,16.5,16.54,16.53,0.00677,0.00702
137,2600.0,300.0,1575.0,2178.17,300.0,1239.46,1957.49,254.16,935.8,1866.26,175.0,756.74,1852.0,175.0,764.0,489.0,38.5,378.17,216.0,63.0,21.5,16.95,16.94,0.00666,0.00709
138,2600.0,300.0,1575.0,2177.39,300.0,1238.84,1991.42,216.56,845.52,1861.4,175.0,751.06,1852.0,175.0,764.0,490.0,38.5,443.0,166.0,36.0,14.5,28.21,28.21,0.00378,0.00709
139,2600.0,300.0,1575.0,2168.74,300.0,1250.02,1930.14,234.95,931.91,1867.04,175.0,758.53,1852.0,175.0,764.0,490.0,37.0,402.94,194.0,70.0,18.0,18.55,18.55,0.00606,0.0071
140,2600.0,300.0,1575.0,2174.47,300.0,1242.54,2009.38,239.46,866.65,1861.85,175.0,751.39,1852.0,175.0,764.0,490.0,38.0,414.99,198.0,38.0,19.0,29.41,29.4,0.00363,0.00714
141,2600.0,300.0,1575.0,2169.14,300.0,1250.32,1930.05,243.18,914.47,1866.83,175.0,758.01,1852.0,175.0,764.0,489.5,37.0,416.16,182.0,68.0,22.0,19.18,19.18,0.00592,0.00718
142,2600.0,300.0,1575.0,2174.87,300.0,1242.85,1947.0,241.75,946.85,1866.73,175.0,757.75,1852.0,175.0,764.0,489.5,38.0,378.07,216.0,67.0,18.0,16.87,16.86,0.00687,0.00727
143,2600.0,300.0,1575.0,2172.38,300.0,1246.88,2001.06,239.3,860.16,1861.85,175.0,751.39,1852.0,175.0,764.0,489.0,37.5,427.3,188.0,38.0,20.0,29.65,29.65,0.00369,0.00733
144,2600.0,300.0,1575.0,2174.08,300.0,1242.23,1946.97,234.33,956.35,1866.83,175.0,758.01,1852.0,175.0,764.0,490.5,38.0,370.97,222.0,68.0,15.5,16.89,16.9,0.00695,0.00737
145,2600.0,300.0,1575.0,2175.26,300.0,1243.16,1951.99,247.28,949.25,1866.62,175.0,757.49,1852.0,175.0,764.0,489.0,38.0,372.84,222.0,66.0,19.0,16.82,16.82,0.00703,0.00742
146,2600.0,300.0,1575.0,2168.34,300.0,1249.72,1924.95,238.77,909.41,1866.94,175.0,758.27,1852.0,175.0,764.0,490.5,37.0,422.84,174.0,69.0,21.5,19.26,19.25,0.00609,0.00742
147,2600.0,300.0,1575.0,2178.17,300.0,1239.46,1962.16,248.55,962.38,1866.5,175.0,757.24,1852.0,175.0,764.0,489.0,38.5,355.08,238.0,65.0,18.0,15.87,15.87,0.00758,0.00752
148,2600.0,300.0,1575.0,2168.34,300.0,1249.72,1938.46,249.17,926.74,1866.73,175.0,757.75,1852.0,175.0,764.0,490.5,37.0,399.68,198.0,67.0,22.0,18.97,18.97,0.00627,0.00752
149,2600.0,300.0,1575.0,2172.38,300.0,1246.88,2005.72,245.96,867.89,1862.07,175.0,751.57,1852.0,175.0,764.0,489.0,37.5,417.52,198.0,39.0,21.0,29.63,29.62,0.00389,0.00772
150,2600.0,300.0,1575.0,2174.87,300.0,1242.85,1940.28,244.52,922.95,1866.62,175.0,757.49,1852.0,175.0,764.0,489.5,38.0,400.56,194.0,66.0,21.0,17.6,17.61,0.00702,0.00778
151,2600.0,300.0,1575.0,2177.0,300.0,1238.53,1923.45,216.13,913.53,1867.04,175.0,758.53,1852.0,175.0,764.0,490.5,38.5,420.65,170.0,70.0,14.0,17.7,17.69,0.00699,0.00778
152,2600.0,300.0,1575.0,2177.39,300.0,1238.84,1953.53,234.53,962.25,1866.73,175.0,757.75,1852.0,175.0,764.0,490.0,38.5,361.8,230.0,67.0,15.0,16.24,16.24,0.00766,0.00779
153,2600.0,300.0,1575.0,2177.78,300.0,1239.15,1962.76,258.16,938.23,1866.13,175.0,756.49,1852.0,175.0,764.0,489.5,38.5,372.21,222.0,62.0,22.0,17.18,17.17,0.00723,0.0078
154,2600.0,300.0,1575.0,2174.87,300.0,1242.85,2009.38,239.46,866.65,1861.85,175.0,751.39,1852.0,175.0,764.0,489.5,38.0,415.43,198.0,38.0,19.0,29.37,29.38,0.00403,0.00791
155,2600.0,300.0,1575.0,2171.99,300.0,1246.57,1922.82,229.58,911.8,1867.04,175.0,758.53,1852.0,175.0,764.0,489.5,37.5,423.22,172.0,70.0,18.5,18.45,18.44,0.0068,0.00792
156,2600.0,300.0,1575.0,2171.99,300.0,1246.57,1926.78,238.04,906.39,1866.83,175.0,758.01,1852.0,175.0,764.0,489.5,37.5,423.9,172.0,68.0,21.5,18.66,18.65,0.00681,0.00803
157,2600.0,300.0,1575.0,2178.17,300.0,1239.46,2011.53,247.84,876.98,1862.28,175.0,751.74,1852.0,175.0,764.0,489.0,38.5,402.35,208.0,40.0,20.5,27.75,27.75,0.00443,0.00813
158,2600.0,300.0,1575.0,2174.87,300.0,1242.85,1985.83,219.1,841.46,1861.4,175.0,751.06,1852.0,175.0,764.0,489.5,38.0,450.99,160.0,36.0,16.0,28.57,28.56,0.00429,0.00815
159,2600.0,300.0,1575.0,2171.19,300.0,1245.96,1978.8,235.69,846.09,1862.07,175.0,751.57,1852.0,175.0,764.0,490.5,37.5,448.39,162.0,39.0,22.0,27.96,27.96,0.00442,0.00818
160,2600.0,300.0,1575.0,2171.99,300.0,1246.57,1935.29,235.14,936.34,1866.94,175.0,758.27,1852.0,175.0,764.0,489.5,37.5,395.57,200.0,69.0,17.5,17.8,17.8,0.00731,0.0082
161,2600.0,300.0,1575.0,2174.08,300.0,1242.23,1928.62,221.57,927.74,1867.04,175.0,758.53,1852.0,175.0,764.0,490.5,38.0,406.58,186.0,70.0,14.5,17.83,17.84,0.00731,0.00822
162,2600.0,300.0,1575.0,2177.0,300.0,1238.53,1930.96,230.62,916.73,1866.83,175.0,758.01,1852.0,175.0,764.0,490.5,38.5,410.98,180.0,68.0,18.0,17.07,17.08,0.00769,0.00825
163,2600.0,300.0,1575.0,2171.99,300.0,1246.57,1943.08,241.13,946.71,1866.83,175.0,758.01,1852.0,175.0,764.0,489.5,37.5,381.81,214.0,68.0,18.0,17.5,17.49,0.00752,0.00827
164,2600.0,300.0,1575.0,2175.26,300.0,1243.16,1994.07,234.42,854.69,1861.85,175.0,751.39,1852.0,175.0,764.0,489.0,38.0,433.63,178.0,38.0,19.5,28.26,28.27,0.00442,0.0083
165,2600.0,300.0,1575.0,2178.17,300.0,1239.46,1919.77,217.76,903.41,1867.04,175.0,758.53,1852.0,175.0,764.0,489.0,38.5,431.82,160.0,70.0,15.5,17.68,17.67,0.0075,0.00834
166,2600.0,300.0,1575.0,2175.26,300.0,1243.16,1934.07,239.44,916.4,1866.73,175.0,757.75,1852.0,175.0,764.0,489.0,38.0,410.63,184.0,67.0,20.5,17.68,17.69,0.00751,0.00836
167,2600.0,300.0,1575.0,2171.59,300.0,1246.27,1992.22,240.97,856.96,1862.07,175.0,751.57,1852.0,175.0,764.0,490.0,37.5,432.69,180.0,39.0,21.5,28.76,28.77,0.00437,0.00838
168,2600.0,300.0,1575.0,2177.0,300.0,1238.53,1939.64,243.17,914.08,1866.5,175.0,757.24,1852.0,175.0,764.0,490.5,38.5,406.0,186.0,65.0,21.5,17.25,17.24,0.00773,0.00838
169,2600.0,300.0,1575.0,2174.87,300.0,1242.85,2006.35,232.13,860.27,1861.63,175.0,751.22,1852.0,175.0,764.0,489.5,38.0,423.52,190.0,37.0,17.5,29.58,29.57,0.00426,0.00843
170,2600.0,300.0,1575.0,2174.47,300.0,1242.54,1949.43,247.1,943.5,1866.62,175.0,757.49,1852.0,175.0,764.0,490.0,38.0,377.98,216.0,66.0,19.5,17.01,17.0,0.00794,0.00848
171,2600.0,300.0,1575.0,2177.39,300.0,1238.84,1928.65,230.21,911.0,1866.83,175.0,758.01,1852.0,175.0,764.0,490.0,38.5,417.4,174.0,68.0,18.5,17.19,17.18,0.00786,0.00848
172,2600.0,300.0,1575.0,2172.38,300.0,1246.88,1936.85,234.64,940.39,1866.94,175.0,758.27,1852.0,175.0,764.0,489.0,37.5,392.02,204.0,69.0,17.0,17.71,17.7,0.00765,0.00853
173,2600.0,300.0,1575.0,2174.47,300.0,1242.54,2000.17,222.57,851.88,1861.4,175.0,751.06,1852.0,175.0,764.0,490.0,38.0,434.74,178.0,36.0,15.5,29.64,29.64,0.00433,0.0086
174,2600.0,300.0,1575.0,2175.26,300.0,1243.16,1919.57,215.16,911.08,1867.13,175.0,758.79,1852.0,175.0,764.0,489.0,38.0,427.61,166.0,71.0,14.0,18.32,18.31,0.00774,0.00895
175,2600.0,300.0,1575.0,2174.08,300.0,1242.23,1987.29,240.93,856.64,1862.28,175.0,751.74,1852.0,175.0,764.0,490.5,38.0,432.51,176.0,40.0,22.0,27.23,27.22,0.00499,0.00895
176,2600.0,300.0,1575.0,2171.59,300.0,1246.27,1988.49,229.7,846.82,1861.63,175.0,751.22,1852.0,175.0,764.0,490.0,37.5,445.0,168.0,37.0,19.0,29.21,29.2,0.00461,0.00899
177,2600.0,300.0,1575.0,2171.19,300.0,1245.96,2002.54,239.98,861.31,1861.85,175.0,751.39,1852.0,175.0,764.0,490.5,37.5,424.27,190.0,38.0,20.0,29.86,29.86,0.00449,0.009
178,2600.0,300.0,1575.0,2177.0,300.0,1238.53,1936.25,241.68,906.81,1866.5,175.0,757.24,1852.0,175.0,764.0,490.5,38.5,414.0,178.0,65.0,22.0,17.47,17.46,0.00835,0.00917
179,2600.0,300.0,1575.0,2174.87,300.0,1242.85,1928.09,234.51,909.61,1866.83,175.0,758.01,1852.0,175.0,764.0,489.5,38.0,419.81,174.0,68.0,20.0,17.84,17.84,0.00827,0.00929
180,2600.0,300.0,1575.0,2172.38,300.0,1246.88,1989.83,223.53,844.36,1861.4,175.0,751.06,1852.0,175.0,764.0,489.0,37.5,448.54,166.0,36.0,17.0,29.64,29.64,0.00472,0.00938
181,2600.0,300.0,1575.0,2172.38,300.0,1246.88,1958.24,259.66,945.32,1866.38,175.0,756.99,1852.0,175.0,764.0,489.0,37.5,372.05,226.0,64.0,22.0,18.18,18.19,0.00822,0.00943
182,2600.0,300.0,1575.0,2174.08,300.0,1242.23,1948.61,233.49,960.41,1866.83,175.0,758.01,1852.0,175.0,764.0,490.5,38.0,366.99,226.0,68.0,15.0,16.88,16.87,0.00894,0.00946
183,2600.0,300.0,1575.0,2168.34,300.0,1249.72,1928.66,235.29,927.84,1867.04,175.0,758.53,1852.0,175.0,764.0,490.5,37.0,406.49,190.0,70.0,18.5,18.66,18.67,0.00806,0.0095
184,2600.0,300.0,1575.0,2171.59,300.0,1246.27,1940.66,245.74,931.91,1866.73,175.0,757.75,1852.0,175.0,764.0,490.0,37.5,393.82,202.0,67.0,20.5,17.98,17.99,0.00845,0.00957
185,2600.0,300.0,1575.0,2178.17,300.0,1239.46,1989.86,216.06,844.38,1861.4,175.0,751.06,1852.0,175.0,764.0,489.0,38.5,445.64,164.0,36.0,14.5,28.04,28.04,0.00518,0.00963
186,2600.0,300.0,1575.0,2169.14,300.0,1250.32,1926.54,234.9,922.01,1867.04,175.0,758.53,1852.0,175.0,764.0,489.5,37.0,413.37,184.0,70.0,19.0,18.8,18.79,0.00816,0.00969
187,2600.0,300.0,1575.0,2177.78,300.0,1239.15,1956.01,247.93,949.19,1866.5,175.0,757.24,1852.0,175.0,764.0,489.5,38.5,368.75,224.0,65.0,19.0,16.22,16.23,0.00954,0.00969
188,2600.0,300.0,1575.0,2177.0,300.0,1238.53,1946.46,245.74,928.72,1866.5,175.0,757.24,1852.0,175.0,764.0,490.5,38.5,389.97,202.0,65.0,20.5,16.82,16.83,0.00923,0.00974
189,2600.0,300.0,1575.0,2174.87,300.0,1242.85,1980.33,229.72,843.96,1861.85,175.0,751.39,1852.0,175.0,764.0,489.5,38.0,449.33,160.0,38.0,20.0,27.41,27.42,0.0054,0.00978
190,2600.0,300.0,1575.0,2174.47,300.0,1242.54,1936.0,228.45,938.19,1866.94,175.0,758.27,1852.0,175.0,764.0,490.0,38.0,393.21,200.0,69.0,15.5,17.36,17.37,0.00898,0.00981
191,2600.0,300.0,1575.0,2171.99,300.0,1246.57,1987.33,234.54,849.43,1861.85,175.0,751.39,1852.0,175.0,764.0,489.5,37.5,442.84,170.0,38.0,20.5,28.75,28.75,0.00513,0.00983
192,2600.0,300.0,1575.0,2177.0,300.0,1238.53,2012.97,248.54,878.18,1862.28,175.0,751.74,1852.0,175.0,764.0,490.5,38.5,399.26,210.0,40.0,20.5,27.95,27.95,0.00531,0.00984
193,2600.0,300.0,1575.0,2171.19,300.0,1245.96,1992.22,240.97,856.96,1862.07,175.0,751.57,1852.0,175.0,764.0,490.5,37.5,432.25,180.0,39.0,21.5,28.8,28.79,0.00525,0.01006
194,2600.0,300.0,1575.0,2174.47,300.0,1242.54,1987.29,240.93,856.64,1862.28,175.0,751.74,1852.0,175.0,764.0,490.0,38.0,432.96,176.0,40.0,22.0,27.2,27.2,0.00564,0.01011
195,2600.0,300.0,1575.0,2171.19,300.0,1245.96,1936.75,241.09,931.06,1866.83,175.0,758.01,1852.0,175.0,764.0,490.5,37.5,396.99,198.0,68.0,19.5,17.93,17.94,0.00901,0.01018
196,2600.0,300.0,1575.0,2172.38,300.0,1246.88,1977.36,234.94,844.92,1862.07,175.0,751.57,1852.0,175.0,764.0,489.0,37.5,451.48,160.0,39.0,22.0,27.79,27.78,0.00555,0.0102
197,2600.0,300.0,1575.0,2172.38,300.0,1246.88,1931.94,242.43,911.37,1866.73,175.0,757.75,1852.0,175.0,764.0,489.0,37.5,416.76,180.0,67.0,22.0,18.6,18.59,0.00872,0.01024
198,2600.0,300.0,1575.0,2174.47,300.0,1242.54,1923.44,223.85,913.5,1867.04,175.0,758.53,1852.0,175.0,764.0,490.0,38.0,420.82,172.0,70.0,16.5,17.92,17.91,0.00908,0.01025
199,2600.0,300.0,1575.0,2169.14,300.0,1250.32,1927.99,226.84,935.55,1867.13,175.0,758.79,1852.0,175.0,764.0,489.5,37.0,403.22,194.0,71.0,15.5,18.66,18.67,0.00871,0.01027
200,2600.0,300.0,1575.0,2174.47,300.0,1242.54,1951.92,241.66,958.45,1866.73,175.0,757.75,1852.0,175.0,764.0,490.0,38.0,365.57,228.0,67.0,17.0,16.63,16.62,0.00989,0.0103
201,2600.0,300.0,1575.0,2174.08,300.0,1242.23,1929.26,238.04,905.06,1866.73,175.0,757.75,1852.0,175.0,764.0,490.5,38.0,421.27,172.0,67.0,21.5,18.06,18.07,0.00907,0.01032
202,2600.0,300.0,1575.0,2174.87,300.0,1242.85,1992.27,228.15,849.67,1861.63,175.0,751.22,1852.0,175.0,764.0,489.5,38.0,439.43,172.0,37.0,18.0,28.56,28.57,0.00547,0.0104
203,2600.0,300.0,1575.0,2177.78,300.0,1239.15,1927.71,235.69,894.71,1866.62,175.0,757.49,1852.0,175.0,764.0,489.5,38.5,430.48,162.0,66.0,22.0,17.69,17.68,0.00948,0.01055
204,2600.0,300.0,1575.0,2175.26,300.0,1243.16,1936.66,235.57,930.84,1866.83,175.0,758.01,1852.0,175.0,764.0,489.0,38.0,398.28,196.0,68.0,18.0,17.28,17.27,0.00976,0.01059
205,2600.0,300.0,1575.0,2177.78,300.0,1239.15,2016.24,238.66,872.01,1861.85,175.0,751.39,1852.0,175.0,764.0,489.5,38.5,405.78,206.0,38.0,18.0,28.98,28.97,0.00555,0.01073
206,2600.0,300.0,1575.0,2171.19,300.0,1245.96,2007.17,246.67,869.07,1862.07,175.0,751.57,1852.0,175.0,764.0,490.5,37.5,414.48,200.0,39.0,21.0,29.83,29.84,0.00538,0.01077
207,2600.0,300.0,1575.0,2169.14,300.0,1250.32,1943.02,239.91,956.46,1866.94,175.0,758.27,1852.0,175.0,764.0,489.5,37.0,375.62,222.0,69.0,17.0,17.9,17.91,0.00961,0.01084
208,2600.0,300.0,1575.0,2177.78,300.0,1239.15,1926.34,229.7,905.29,1866.83,175.0,758.01,1852.0,175.0,764.0,489.5,38.5,423.83,168.0,68.0,19.0,17.32,17.31,0.00999,0.01087
209,2600.0,300.0,1575.0,2175.26,300.0,1243.16,1998.61,222.03,850.74,1861.4,175.0,751.06,1852.0,175.0,764.0,489.0,38.0,437.35,176.0,36.0,15.5,29.46,29.46,0.00552,0.01088
210,2600.0,300.0,1575.0,2172.38,300.0,1246.88,1949.67,251.35,944.03,1866.62,175.0,757.49,1852.0,175.0,764.0,489.0,37.5,379.06,218.0,66.0,20.5,17.73,17.74,0.00988,0.01103
211,2600.0,300.0,1575.0,2169.54,300.0,1250.62,1913.26,214.19,909.64,1867.3,175.0,759.32,1852.0,175.0,764.0,489.0,37.0,435.1,162.0,73.0,14.0,19.6,19.61,0.00889,0.01106
212,2600.0,300.0,1575.0,2171.59,300.0,1246.27,1943.82,249.77,930.89,1866.62,175.0,757.49,1852.0,175.0,764.0,490.0,37.5,392.26,204.0,66.0,21.5,18.17,18.18,0.00965,0.01106
213,2600.0,300.0,1575.0,2168.34,300.0,1249.72,1929.37,240.14,920.92,1866.94,175.0,758.27,1852.0,175.0,764.0,490.5,37.0,410.85,186.0,69.0,20.5,18.89,18.9,0.0093,0.01112
214,2600.0,300.0,1575.0,2171.59,300.0,1246.27,1924.49,237.18,900.71,1866.83,175.0,758.01,1852.0,175.0,764.0,490.0,37.5,429.43,166.0,68.0,22.0,18.85,18.84,0.00941,0.01121
215,2600.0,300.0,1575.0,2174.87,300.0,1242.85,1986.86,236.64,852.62,1862.07,175.0,751.57,1852.0,175.0,764.0,489.5,38.0,437.77,172.0,39.0,21.0,27.47,27.48,0.00624,0.01132
216,2600.0,300.0,1575.0,2177.39,300.0,1238.84,2002.7,218.55,853.71,1861.4,175.0,751.06,1852.0,175.0,764.0,490.0,38.5,430.67,180.0,36.0,14.0,29.06,29.05,0.00586,0.01136
217,2600.0,300.0,1575.0,2168.74,300.0,1250.02,1923.02,229.13,921.11,1867.13,175.0,758.79,1852.0,175.0,764.0,490.0,37.0,416.63,180.0,71.0,17.5,18.89,18.89,0.00963,0.01151
218,2600.0,300.0,1575.0,2169.54,300.0,1250.62,1930.94,223.87,944.11,1867.13,175.0,758.79,1852.0,175.0,764.0,489.0,37.0,395.82,202.0,71.0,14.0,18.66,18.67,0.00978,0.01153
219,2600.0,300.0,1575.0,2169.54,300.0,1250.62,1946.57,254.42,937.06,1866.62,175.0,757.49,1852.0,175.0,764.0,489.0,37.0,387.44,212.0,66.0,22.0,18.8,18.81,0.00977,0.01162
220,2600.0,300.0,1575.0,2177.78,300.0,1239.15,1987.02,229.7,849.19,1861.85,175.0,751.39,1852.0,175.0,764.0,489.5,38.5,439.78,168.0,38.0,19.0,26.94,26.95,0.00659,0.01168
221,2600.0,300.0,1575.0,2168.74,300.0,1250.02,1937.71,245.74,933.44,1866.83,175.0,758.01,1852.0,175.0,764.0,490.0,37.0,395.65,202.0,68.0,20.5,18.58,18.59,0.00997,0.0117
222,2600.0,300.0,1575.0,2171.99,300.0,1246.57,1914.97,216.41,906.04,1867.22,175.0,759.06,1852.0,175.0,764.0,489.5,37.5,434.75,160.0,72.0,15.0,18.94,18.95,0.00978,0.01172
223,2600.0,300.0,1575.0,2172.38,300.0,1246.88,1916.39,214.68,910.4,1867.22,175.0,759.06,1852.0,175.0,764.0,489.0,37.5,431.31,164.0,72.0,14.0,18.95,18.96,0.00978,0.01173
224,2600.0,300.0,1575.0,2178.17,300.0,1239.46,1981.45,232.43,848.24,1862.07,175.0,751.57,1852.0,175.0,764.0,489.0,38.5,443.08,164.0,39.0,20.5,26.22,26.22,0.00684,0.01176
225,2600.0,300.0,1575.0,2174.08,300.0,1242.23,1987.39,219.65,842.59,1861.4,175.0,751.06,1852.0,175.0,764.0,490.5,38.0,448.36,162.0,36.0,16.0,28.73,28.74,0.00616,0.01179
226,2600.0,300.0,1575.0,2177.39,300.0,1238.84,2026.67,247.93,884.85,1862.07,175.0,751.57,1852.0,175.0,764.0,490.0,38.5,388.25,224.0,39.0,19.0,29.38,29.37,0.00614,0.01206
227,2600.0,300.0,1575.0,2168.74,300.0,1250.02,1919.4,233.77,902.4,1867.04,175.0,758.53,1852.0,175.0,764.0,490.0,37.0,432.89,164.0,70.0,21.0,19.39,19.4,0.00982,0.01207
228,2600.0,300.0,1575.0,2175.26,300.0,1243.16,2000.38,241.54,863.56,1862.07,175.0,751.57,1852.0,175.0,764.0,489.0,38.0,422.01,190.0,39.0,20.5,28.32,28.31,0.00656,0.01233
229,2600.0,300.0,1575.0,2174.08,300.0,1242.23,2016.76,252.41,881.36,1862.28,175.0,751.74,1852.0,175.0,764.0,490.5,38.0,396.54,216.0,40.0,21.0,29.2,29.21,0.00666,0.013
230,2600.0,300.0,1575.0,2177.0,300.0,1238.53,1998.17,243.09,865.76,1862.28,175.0,751.74,1852.0,175.0,764.0,490.5,38.5,417.35,190.0,40.0,21.0,26.95,26.96,0.00737,0.01308
231,2600.0,300.0,1575.0,2177.0,300.0,1238.53,2004.27,219.03,854.85,1861.4,175.0,751.06,1852.0,175.0,764.0,490.5,38.5,428.48,182.0,36.0,14.0,29.2,29.21,0.00673,0.01313
232,2600.0,300.0,1575.0,2178.17,300.0,1239.46,2010.05,242.43,871.4,1862.07,175.0,751.57,1852.0,175.0,764.0,489.0,38.5,408.72,202.0,39.0,19.5,28.05,28.05,0.00709,0.01318
233,2600.0,300.0,1575.0,2171.59,300.0,1246.27,1989.83,223.53,844.36,1861.4,175.0,751.06,1852.0,175.0,764.0,490.0,37.5,447.67,166.0,36.0,17.0,29.7,29.69,0.00665,0.01324
234,2600.0,300.0,1575.0,2177.78,300.0,1239.15,2000.85,234.02,859.99,1861.85,175.0,751.39,1852.0,175.0,764.0,489.5,38.5,423.59,186.0,38.0,18.5,27.85,27.85,0.00732,0.01349
235,2600.0,300.0,1575.0,2168.74,300.0,1250.02,1980.63,234.37,844.19,1861.85,175.0,751.39,1852.0,175.0,764.0,490.0,37.0,452.1,162.0,38.0,21.5,29.25,29.25,0.00699,0.01367
236,2600.0,300.0,1575.0,2178.17,300.0,1239.46,1992.65,244.68,865.07,1862.5,175.0,751.92,1852.0,175.0,764.0,489.0,38.5,421.49,186.0,41.0,22.0,26.18,26.17,0.00817,0.01401
237,2600.0,300.0,1575.0,2169.54,300.0,1250.62,1983.21,230.41,842.84,1861.63,175.0,751.22,1852.0,175.0,764.0,489.0,37.0,453.71,162.0,37.0,20.0,29.67,29.66,0.00706,0.01404
238,2600.0,300.0,1575.0,2177.39,300.0,1238.84,2027.85,253.66,890.67,1862.28,175.0,751.74,1852.0,175.0,764.0,490.0,38.5,381.75,230.0,40.0,20.0,29.03,29.03,0.00733,0.0142
239,2600.0,300.0,1575.0,2177.0,300.0,1238.53,2002.34,234.65,861.15,1861.85,175.0,751.39,1852.0,175.0,764.0,490.5,38.5,420.94,188.0,38.0,18.5,28.02,28.02,0.00766,0.01423
240,2600.0,300.0,1575.0,2177.0,300.0,1238.53,2008.55,251.23,878.89,1862.5,175.0,751.92,1852.0,175.0,764.0,490.5,38.5,400.12,208.0,41.0,21.5,27.25,27.26,0.00801,0.01441
241,2600.0,300.0,1575.0,2174.47,300.0,1242.54,2025.41,260.03,893.54,1862.5,175.0,751.92,1852.0,175.0,764.0,490.0,38.0,381.6,232.0,41.0,21.5,29.44,29.43,0.00737,0.01452
242,2600.0,300.0,1575.0,2169.54,300.0,1250.62,1996.09,244.68,860.1,1862.07,175.0,751.57,1852.0,175.0,764.0,489.0,37.0,430.88,186.0,39.0,22.0,29.9,29.89,0.00751,0.01507
243,2600.0,300.0,1575.0,2174.08,300.0,1242.23,1992.27,228.15,849.67,1861.63,175.0,751.22,1852.0,175.0,764.0,490.5,38.0,438.55,172.0,37.0,18.0,28.62,28.61,0.00791,0.01507
244,2600.0,300.0,1575.0,2177.39,300.0,1238.84,1996.44,237.93,860.38,1862.07,175.0,751.57,1852.0,175.0,764.0,490.0,38.5,424.07,184.0,39.0,20.0,27.19,27.2,0.00844,0.01514
245,2600.0,300.0,1575.0,2174.47,300.0,1242.54,2016.89,247.51,876.94,1862.07,175.0,751.57,1852.0,175.0,764.0,490.0,38.0,401.57,212.0,39.0,20.0,29.57,29.58,0.00768,0.01521
246,2600.0,300.0,1575.0,2177.78,300.0,1239.15,1991.42,216.56,845.52,1861.4,175.0,751.06,1852.0,175.0,764.0,489.5,38.5,443.44,166.0,36.0,14.5,28.18,28.19,0.00827,0.01546
247,2600.0,300.0,1575.0,2178.17,300.0,1239.46,2012.92,256.66,887.36,1862.71,175.0,752.11,1852.0,175.0,764.0,489.0,38.5,391.37,218.0,42.0,22.0,27.06,27.05,0.00883,0.01575
248,2600.0,300.0,1575.0,2177.0,300.0,1238.53,1987.02,229.7,849.19,1861.85,175.0,751.39,1852.0,175.0,764.0,490.5,38.5,438.89,168.0,38.0,19.0,27.0,26.99,0.00909,0.01617
249,2600.0,300.0,1575.0,2177.39,300.0,1238.84,2008.65,229.53,862.01,1861.63,175.0,751.22,1852.0,175.0,764.0,490.0,38.5,418.86,192.0,37.0,16.5,28.92,28.91,0.00851,0.0164
250,2600.0,300.0,1575.0,2171.99,300.0,1246.57,2004.34,249.92,870.94,1862.28,175.0,751.74,1852.0,175.0,764.0,489.5,37.5,414.38,200.0,40.0,22.0,29.21,29.21,0.00843,0.01644
251,2600.0,300.0,1575.0,2177.78,300.0,1239.15,1983.45,237.31,853.41,1862.28,175.0,751.74,1852.0,175.0,764.0,489.5,38.5,436.45,170.0,40.0,21.5,26.02,26.03,0.00971,0.01656
252,2600.0,300.0,1575.0,2178.17,300.0,1239.46,1994.52,225.87,851.36,1861.63,175.0,751.22,1852.0,175.0,764.0,489.0,38.5,435.71,174.0,37.0,17.0,27.83,27.84,0.00901,0.0166
253,2600.0,300.0,1575.0,2168.74,300.0,1250.02,1984.71,231.09,843.97,1861.63,175.0,751.22,1852.0,175.0,764.0,490.0,37.0,451.1,164.0,37.0,20.0,29.83,29.84,0.00833,0.01668
254,2600.0,300.0,1575.0,2178.17,300.0,1239.46,1994.98,237.25,859.19,1862.07,175.0,751.57,1852.0,175.0,764.0,489.0,38.5,426.74,182.0,39.0,20.0,27.04,27.03,0.00939,0.01673
255,2600.0,300.0,1575.0,2174.08,300.0,1242.23,2007.87,232.74,861.42,1861.63,175.0,751.22,1852.0,175.0,764.0,490.5,38.0,420.91,192.0,37.0,17.5,29.75,29.76,0.00848,0.01691
256,2600.0,300.0,1575.0,2177.0,300.0,1238.53,2017.73,239.28,873.18,1861.85,175.0,751.39,1852.0,175.0,764.0,490.5,38.5,403.15,208.0,38.0,18.0,29.15,29.16,0.00873,0.017
257,2600.0,300.0,1575.0,2174.87,300.0,1242.85,2000.56,246.1,867.77,1862.28,175.0,751.74,1852.0,175.0,764.0,489.5,38.0,417.11,194.0,40.0,21.5,28.0,27.99,0.00934,0.01732
258,2600.0,300.0,1575.0,2177.0,300.0,1238.53,2023.14,256.71,891.57,1862.5,175.0,751.92,1852.0,175.0,764.0,490.5,38.5,382.01,228.0,41.0,21.0,28.28,28.27,0.00926,0.01739
259,2600.0,300.0,1575.0,2177.0,300.0,1238.53,2010.18,230.1,863.17,1861.63,175.0,751.22,1852.0,175.0,764.0,490.5,38.5,416.67,194.0,37.0,16.5,29.06,29.07,0.00912,0.01768
260,2600.0,300.0,1575.0,2177.0,300.0,1238.53,1994.52,225.87,851.36,1861.63,175.0,751.22,1852.0,175.0,764.0,490.5,38.5,434.39,174.0,37.0,17.0,27.92,27.91,0.00959,0.01774
261,2600.0,300.0,1575.0,2177.78,300.0,1239.15,1989.86,216.06,844.38,1861.4,175.0,751.06,1852.0,175.0,764.0,489.5,38.5,445.2,164.0,36.0,14.5,28.07,28.06,0.00966,0.01799
262,2600.0,300.0,1575.0,2174.47,300.0,1242.54,1985.83,219.1,841.46,1861.4,175.0,751.06,1852.0,175.0,764.0,490.0,38.0,450.55,160.0,36.0,16.0,28.6,28.59,0.00952,0.0181
263,2600.0,300.0,1575.0,2174.87,300.0,1242.85,2000.17,222.57,851.88,1861.4,175.0,751.06,1852.0,175.0,764.0,489.5,38.0,435.17,178.0,36.0,15.5,29.6,29.61,0.00925,0.01836
264,2600.0,300.0,1575.0,2174.47,300.0,1242.54,2010.84,254.42,880.88,1862.5,175.0,751.92,1852.0,175.0,764.0,490.0,38.0,399.56,212.0,41.0,22.0,28.36,28.37,0.00978,0.01843
265,2600.0,300.0,1575.0,2172.38,300.0,1246.88,1988.49,229.7,846.82,1861.63,175.0,751.22,1852.0,175.0,764.0,489.0,37.5,445.88,168.0,37.0,19.0,29.14,29.15,0.00977,0.01903
266,2600.0,300.0,1575.0,2175.26,300.0,1243.16,2015.43,246.82,875.75,1862.07,175.0,751.57,1852.0,175.0,764.0,489.0,38.0,404.18,210.0,39.0,20.0,29.39,29.38,0.00979,0.01924
